id,name,email,since,city
1,Therine,Therine@team.fc,1929-03-16,Leipzig
2,Catharine,Catharine@team.fc,1904-05-12,Las Vegas
3,Rosaline,Rosaline@team.fc,2016-05-06,Nukulaelae
4,Kelly,Kelly@team.fc,2008-06-09,Hanoi
5,Susette,Susette@team.fc,1913-08-18,Amsterdam
6,Melisent,Melisent@team.fc,1922-07-11,Cairo
7,Raf,Raf@team.fc,2016-12-29,Incheon
8,Misha,Misha@team.fc,1964-06-07,Tórshavn
9,Maud,Maud@team.fc,1903-04-17,Tamale
10,Desirae,Desirae@team.fc,2004-12-29,Saint John
11,Tonia,Tonia@team.fc,1993-12-19,Osaka
12,Nerta,Nerta@team.fc,1947-10-08,Cuiabá
13,Collen,Collen@team.fc,1962-08-20,Philadelphia
14,Celene,Celene@team.fc,2020-03-03,Fort-de-France
15,Micheline,Micheline@team.fc,1930-03-25,Conakry
16,Hermione,Hermione@team.fc,1994-11-03,Algiers
17,Nananne,Nananne@team.fc,1991-04-26,City of Halifax
18,Inga,Inga@team.fc,1936-06-12,Bergen
19,Linet,Linet@team.fc,1959-07-17,Kuwait City
20,Clo,Clo@team.fc,1907-03-12,Sapporo
21,Tina,Tina@team.fc,1941-08-24,Cardiff
22,Reeba,Reeba@team.fc,2017-04-23,Melekeok
23,Elyssa,Elyssa@team.fc,1911-04-30,Zanzibar City
24,Theodora,Theodora@team.fc,1950-07-16,Funafuti
25,Alleen,Alleen@team.fc,1936-11-06,Patna
26,Justinn,Justinn@team.fc,2021-06-29,Reykjavík
27,Kellen,Kellen@team.fc,1905-08-24,Montreal
28,Chastity,Chastity@team.fc,1978-12-27,Colombo
29,Dagmar,Dagmar@team.fc,1944-05-25,Toulouse
30,Janis,Janis@team.fc,1968-01-31,Guadalajara
31,Stevana,Stevana@team.fc,1961-07-16,Suez
32,Blinni,Blinni@team.fc,2019-04-11,Guayaquil
33,Susette,Susette@team.fc,1959-11-12,Gaborone
34,Luci,Luci@team.fc,1976-07-08,Dresden
35,Sam,Sam@team.fc,1925-08-03,Bogor
36,Valeda,Valeda@team.fc,2019-05-21,Douglas
37,Olivette,Olivette@team.fc,1989-04-08,Honolulu
38,Lynde,Lynde@team.fc,2022-11-05,Jeddah
39,Johna,Johna@team.fc,1921-05-08,Yekaterinburg
40,Fanchon,Fanchon@team.fc,1930-11-02,Nakhon Ratchasima
41,Cherrita,Cherrita@team.fc,1981-11-25,Dongguan
42,Vere,Vere@team.fc,1971-05-29,Yogyakarta (city)
43,Ekaterina,Ekaterina@team.fc,2001-12-07,Havana
44,Jan,Jan@team.fc,1996-09-12,Kansas City
45,Philis,Philis@team.fc,1963-10-25,Pretoria
46,Jorry,Jorry@team.fc,1954-11-06,Dibrugarh
47,Felice,Felice@team.fc,1904-05-29,Port Elizabeth
48,Nickie,Nickie@team.fc,1983-09-08,Naypyidaw
49,Rosene,Rosene@team.fc,1978-09-18,Chihuahua
50,Chrystel,Chrystel@team.fc,2016-08-15,Chennai
51,Ingrid,Ingrid@team.fc,1969-02-20,Manchester
52,Merle,Merle@team.fc,1990-10-10,Hong Kong
53,Etta,Etta@team.fc,1968-02-21,Hai Phong
54,Brana,Brana@team.fc,1912-02-26,Hilo
55,Gui,Gui@team.fc,1911-05-22,Manchester
56,Abbie,Abbie@team.fc,1991-04-05,Maracaibo
57,Linet,Linet@team.fc,1970-01-20,Copenhagen
58,Wileen,Wileen@team.fc,1969-02-10,Phnom Penh
59,Kerrin,Kerrin@team.fc,1966-09-10,Istanbul
60,Valli,Valli@team.fc,1971-09-13,Stepanakert
61,Tina,Tina@team.fc,1965-08-05,Calama
62,Amelia,Amelia@team.fc,1939-01-07,Siem Reap
63,Sophia,Sophia@team.fc,1923-12-11,Whitehorse
64,Tami,Tami@team.fc,2007-01-02,Nice
65,Chrystel,Chrystel@team.fc,1981-08-03,Brisbane
66,Brandise,Brandise@team.fc,1963-05-19,Bujumbura
67,Melisent,Melisent@team.fc,1972-10-12,Bulawayo
68,Sindee,Sindee@team.fc,1906-07-15,Kyoto
69,Addia,Addia@team.fc,1994-04-13,Agartala
70,Dominga,Dominga@team.fc,1920-11-08,Assis
71,Tani,Tani@team.fc,1967-06-01,Qingdao
72,Tabbatha,Tabbatha@team.fc,2009-12-18,Jeddah
73,Correy,Correy@team.fc,1977-08-06,Tartu
74,Gerrie,Gerrie@team.fc,2004-12-13,Marrakech
75,Violet,Violet@team.fc,1980-08-27,Leipzig
76,Amelia,Amelia@team.fc,1982-09-29,Split (city)
77,Fredericka,Fredericka@team.fc,1951-12-06,Yekaterinburg
78,Mellicent,Mellicent@team.fc,1989-05-23,Nukus
79,Kittie,Kittie@team.fc,1975-06-21,Warsaw
80,Dorice,Dorice@team.fc,1908-11-26,Maceió
81,Janey,Janey@team.fc,1960-06-05,Chiang Mai
82,Karina,Karina@team.fc,1992-05-05,Chicago
83,Hope,Hope@team.fc,1993-07-01,Road Town
84,Brynna,Brynna@team.fc,1918-11-19,Mata-Utu
85,Raf,Raf@team.fc,1967-12-05,Hanoi
86,Fina,Fina@team.fc,1971-03-31,Nukus
87,Raquela,Raquela@team.fc,1936-06-28,Kinshasa
88,Jacquetta,Jacquetta@team.fc,1940-03-19,Brazzaville
89,Mignon,Mignon@team.fc,1932-03-20,Fredericton
90,Sara-Ann,Sara-Ann@team.fc,1904-06-15,Ciudad del Este
91,Annabela,Annabela@team.fc,1911-05-10,Antofagasta
92,Larine,Larine@team.fc,1931-07-29,Charlottetown
93,Sharai,Sharai@team.fc,1952-11-06,Manzini
94,Ivett,Ivett@team.fc,1997-03-01,Abidjan
95,Moyna,Moyna@team.fc,1979-01-18,Belém
96,Jordan,Jordan@team.fc,1971-02-17,Apia
97,Nessie,Nessie@team.fc,2012-08-07,Kingston
98,Winifred,Winifred@team.fc,1993-10-06,Malabo
99,Damaris,Damaris@team.fc,2018-10-26,Cockburn Town
100,Dotty,Dotty@team.fc,1991-11-08,São Paulo